Date,AGG,VNQ
2012-10-31,112.19,64.38
2012-11-01,111.8,64.69
2012-11-02,111.87,65.12
2012-11-05,112.06,64.69
2012-11-06,111.74,64.97
2012-11-07,112.0,64.68
2012-11-08,112.14,63.91
2012-11-09,112.08,63.74
2012-11-12,112.05,63.59
2012-11-13,112.25,63.54
2012-11-14,112.28,62.35
2012-11-15,112.17,62.06
2012-11-16,112.21,62.44
2012-11-19,112.29,63.21
2012-11-20,112.08,63.68
2012-11-21,111.89,63.57
2012-11-23,111.96,64.04
2012-11-26,112.0,64.17
2012-11-27,112.15,63.81
2012-11-28,112.17,63.73
2012-11-29,112.31,64.08
2012-11-30,112.25,64.21
2012-12-03,111.6,64.47
2012-12-04,111.67,64.57
2012-12-05,111.77,64.37
2012-12-06,111.76,64.97
2012-12-07,111.66,65.21
2012-12-10,111.68,65.18
2012-12-11,111.64,65.34
2012-12-12,111.33,65.16
2012-12-13,111.15,64.66
2012-12-14,111.35,64.65
2012-12-17,111.08,64.99
2012-12-18,110.82,65.66
2012-12-19,111.01,65.57
2012-12-20,111.02,66.43
2012-12-21,111.12,66.32
2012-12-24,111.13,65.61
2012-12-26,111.05,65.3
2012-12-27,111.11,65.54
2012-12-28,111.28,65.11
2012-12-31,111.08,65.8
2013-01-02,110.95,66.62
2013-01-03,110.67,66.61
2013-01-04,110.79,66.92
2013-01-07,110.73,67.07
2013-01-08,110.83,66.94
2013-01-09,110.75,67.13
2013-01-10,110.74,67.2
2013-01-11,110.85,67.16
2013-01-14,110.95,67.35
2013-01-15,110.98,67.67
2013-01-16,111.04,67.59
2013-01-17,110.8,67.8
2013-01-18,110.93,68.09
2013-01-22,110.87,68.44
2013-01-23,110.99,68.42
2013-01-24,110.84,68.56
2013-01-25,110.57,68.95
2013-01-28,110.41,69.13
2013-01-29,110.34,69.33
2013-01-30,110.29,68.67
2013-01-31,110.39,68.26
2013-02-01,109.94,68.66
2013-02-04,110.25,68.5
2013-02-05,110.02,68.34
2013-02-06,110.21,68.58
2013-02-07,110.25,68.29
2013-02-08,110.28,68.92
2013-02-11,110.17,69.02
2013-02-12,110.15,69.54
2013-02-13,110.04,69.5
2013-02-14,110.24,69.21
2013-02-15,110.25,69.24
2013-02-19,110.12,69.79
2013-02-20,110.19,69.34
2013-02-21,110.25,68.82
2013-02-22,110.31,69.51
2013-02-25,110.73,68.19
2013-02-26,110.7,68.66
2013-02-27,110.73,69.16
2013-02-28,110.83,69.09
2013-03-01,110.66,69.32
2013-03-04,110.58,69.84
2013-03-05,110.49,70.39
2013-03-06,110.37,70.18
2013-03-07,110.14,69.85
2013-03-08,109.82,69.97
2013-03-11,109.88,70.03
2013-03-12,110.08,69.77
2013-03-13,109.99,69.84
2013-03-14,110.11,70.28
2013-03-15,110.21,70.44
2013-03-18,110.31,70.05
2013-03-19,110.47,69.71
2013-03-20,110.35,69.93
2013-03-21,110.37,69.72
2013-03-22,110.41,69.55
2013-03-25,110.37,69.56
2013-03-26,110.5,70.16
2013-03-27,110.73,70.29
2013-03-28,110.73,70.53
2013-04-01,110.57,70.74
2013-04-02,110.45,70.96
2013-04-03,110.57,70.71
2013-04-04,110.88,71.86
2013-04-05,111.2,72.25
2013-04-08,111.01,72.83
2013-04-09,111.05,72.84
2013-04-10,110.82,73.29
2013-04-11,110.84,73.72
2013-04-12,111.2,73.9
2013-04-15,111.25,72.37
2013-04-16,111.25,73.57
2013-04-17,111.25,72.79
2013-04-18,111.23,72.68
2013-04-19,111.24,73.8
2013-04-22,111.38,73.7
2013-04-23,111.33,74.11
2013-04-24,111.31,74.27
2013-04-25,111.26,74.02
2013-04-26,111.49,73.78
2013-04-29,111.56,74.41
2013-04-30,111.54,75.28
2013-05-01,111.39,74.68
2013-05-02,111.4,75.17
2013-05-03,110.99,75.47
2013-05-06,110.81,75.86
2013-05-07,110.75,76.28
2013-05-08,110.85,76.32
2013-05-09,110.7,75.82
2013-05-10,110.48,76.1
2013-05-13,110.38,76.46
2013-05-14,110.12,76.74
2013-05-15,110.28,77.5
2013-05-16,110.58,77.1
2013-05-17,110.31,77.53
2013-05-20,110.2,77.71
2013-05-21,110.29,78.15
2013-05-22,109.92,76.25
2013-05-23,109.88,74.82
2013-05-24,109.88,74.63
2013-05-28,109.2,73.99
2013-05-29,109.35,72.42
2013-05-30,109.32,71.74
2013-05-31,109.11,70.78
2013-06-03,108.97,71.18
2013-06-04,108.73,70.19
2013-06-05,108.67,69.61
2013-06-06,108.95,70.73
2013-06-07,108.61,70.74
2013-06-10,108.39,70.13
2013-06-11,108.4,69.09
2013-06-12,108.22,68.15
2013-06-13,108.75,69.92
2013-06-14,108.78,70.18
2013-06-17,108.7,70.38
2013-06-18,108.66,70.74
2013-06-19,107.93,68.57
2013-06-20,107.21,65.72
2013-06-21,106.61,66.61
2013-06-24,106.18,65.68
2013-06-25,106.3,66.78
2013-06-26,106.75,67.79
2013-06-27,107.2,69.15
2013-06-28,107.21,68.72
2013-07-01,107.16,68.57
2013-07-02,107.16,69.62
2013-07-03,107.01,69.16
2013-07-05,105.84,68.83
2013-07-08,106.39,68.9
2013-07-09,106.5,69.88
2013-07-10,106.22,69.91
2013-07-11,106.93,71.6
2013-07-12,106.81,71.16
2013-07-15,107.04,71.46
2013-07-16,107.21,71.51
2013-07-17,107.44,71.77
2013-07-18,107.24,72.38
2013-07-19,107.52,72.33
2013-07-22,107.66,72.55
2013-07-23,107.6,72.47
2013-07-24,107.25,71.06
2013-07-25,107.29,71.17
2013-07-26,107.26,71.23
2013-07-29,107.26,70.7
2013-07-30,107.22,70.49
2013-07-31,107.3,69.34
2013-08-01,106.49,69.07
2013-08-02,106.85,68.73
2013-08-05,106.9,68.68
2013-08-06,106.79,68.44
2013-08-07,106.93,68.26
2013-08-08,107.08,68.29
2013-08-09,107.15,68.89
2013-08-12,107.08,68.4
2013-08-13,106.65,67.46
2013-08-14,106.51,67.2
2013-08-15,106.13,65.97
2013-08-16,105.83,64.35
2013-08-19,105.5,63.5
2013-08-20,105.81,64.94
2013-08-21,105.42,64.79
2013-08-22,105.55,65.18
2013-08-23,105.9,65.86
2013-08-26,106.09,65.67
2013-08-27,106.37,65.35
2013-08-28,106.17,64.95
2013-08-29,106.38,65.05
2013-08-30,106.21,64.5
2013-09-03,105.75,63.94
2013-09-04,105.6,64.49
2013-09-05,104.89,63.81
2013-09-06,105.28,64.8
2013-09-09,105.49,66.15
2013-09-10,105.3,66.1
2013-09-11,105.66,66.63
2013-09-12,105.54,66.2
2013-09-13,105.69,66.39
2013-09-16,105.91,67.05
2013-09-17,106.01,67.01
2013-09-18,106.9,69.28
2013-09-19,106.77,69.22
2013-09-20,106.77,68.09
2013-09-23,106.85,67.01
2013-09-24,107.1,66.5
2013-09-25,107.25,66.72
2013-09-26,107.23,67.13
2013-09-27,107.29,66.85
2013-09-30,107.2,66.14
2013-10-01,106.93,67.1
2013-10-02,107.07,67.2
2013-10-03,107.15,66.03
2013-10-04,107.06,65.9
2013-10-07,107.04,66.2
2013-10-08,106.99,65.48
2013-10-09,106.91,65.49
2013-10-10,107.03,67.16
2013-10-11,107.07,67.83
2013-10-14,106.87,67.87
2013-10-15,106.82,67.62
2013-10-16,107.28,68.89
2013-10-17,107.58,69.93
2013-10-18,107.76,69.86
2013-10-21,107.66,69.44
2013-10-22,108.04,70.08
2013-10-23,108.01,70.21
2013-10-24,107.97,70.19
2013-10-25,108.01,71.05
2013-10-28,107.96,70.54
2013-10-29,108.09,70.13
2013-10-30,107.89,69.54
2013-10-31,107.9,69.13
2013-11-01,107.45,69.49
2013-11-04,107.56,69.62
2013-11-05,107.24,68.48
2013-11-06,107.41,68.38
2013-11-07,107.49,67.53
2013-11-08,106.82,66.62
2013-11-11,106.76,66.69
2013-11-12,106.72,66.39
2013-11-13,107.0,66.82
2013-11-14,107.33,67.29
2013-11-15,107.36,67.54
2013-11-18,107.57,67.12
2013-11-19,107.28,66.65
2013-11-20,106.98,65.84
2013-11-21,107.09,66.35
2013-11-22,107.24,66.09
2013-11-25,107.32,65.78
2013-11-26,107.35,65.55
2013-11-27,107.4,66.11
2013-11-29,107.44,65.5
2013-12-02,106.83,65.12
2013-12-03,106.96,64.99
2013-12-04,106.68,65.23
2013-12-05,106.45,65.46
2013-12-06,106.63,65.93
2013-12-09,106.76,66.25
2013-12-10,106.93,66.08
2013-12-11,106.76,64.56
2013-12-12,106.6,64.2
2013-12-13,106.65,64.36
2013-12-16,106.73,64.58
2013-12-17,106.91,64.88
2013-12-18,106.86,66.03
2013-12-19,106.68,65.12
2013-12-20,106.86,65.52
2013-12-23,106.81,65.65
2013-12-24,106.66,64.7
2013-12-26,106.39,64.75
2013-12-27,106.43,64.89
2013-12-30,106.53,64.91
2013-12-31,106.43,64.56
2014-01-02,106.5,64.57
2014-01-03,106.54,64.93
2014-01-06,106.68,65.26
2014-01-07,106.73,65.55
2014-01-08,106.41,65.23
2014-01-09,106.56,65.23
2014-01-10,107.1,66.12
2014-01-13,107.2,65.68
2014-01-14,107.04,66.16
2014-01-15,106.95,66.66
2014-01-16,107.2,66.78
2014-01-17,107.25,66.39
2014-01-21,107.3,66.99
2014-01-22,107.07,67.28
2014-01-23,107.35,67.12
2014-01-24,107.58,66.28
2014-01-27,107.35,65.77
2014-01-28,107.53,66.32
2014-01-29,107.85,65.96
2014-01-30,107.87,66.96
2014-01-31,108.07,67.32
2014-02-03,108.23,66.25
2014-02-04,107.97,67.05
2014-02-05,107.7,66.91
2014-02-06,107.65,67.4
2014-02-07,107.82,67.91
2014-02-10,107.93,68.55
2014-02-11,107.72,68.82
2014-02-12,107.54,68.86
2014-02-13,107.77,69.12
2014-02-14,107.77,69.39
2014-02-18,107.84,69.73
2014-02-19,107.76,69.69
2014-02-20,107.7,69.54
2014-02-21,107.8,69.71
2014-02-24,107.7,69.88
2014-02-25,107.99,70.11
2014-02-26,108.22,70.27
2014-02-27,108.33,70.08
2014-02-28,108.27,70.73
2014-03-03,108.35,70.77
2014-03-04,107.95,71.79
2014-03-05,108.01,71.7
2014-03-06,107.77,71.1
2014-03-07,107.47,70.33
2014-03-10,107.47,69.96
2014-03-11,107.46,70.4
2014-03-12,107.7,70.61
2014-03-13,107.98,70.28
2014-03-14,107.93,70.46
2014-03-17,107.87,70.61
2014-03-18,108.0,70.82
2014-03-19,107.52,69.48
2014-03-20,107.44,69.6
2014-03-21,107.59,70.24
2014-03-24,107.75,69.78
2014-03-25,107.64,69.96
2014-03-26,107.98,69.17
2014-03-27,108.06,69.61
2014-03-28,107.9,70.03
2014-03-31,107.91,70.62
2014-04-01,107.54,70.94
2014-04-02,107.36,71.0
2014-04-03,107.44,70.85
2014-04-04,107.78,71.09
2014-04-07,107.94,71.32
2014-04-08,108.07,71.76
2014-04-09,108.08,71.58
2014-04-10,108.33,70.9
2014-04-11,108.43,70.47
2014-04-14,108.47,70.89
2014-04-15,108.48,71.73
2014-04-16,108.54,72.19
2014-04-17,108.19,71.77
2014-04-21,108.18,72.18
2014-04-22,108.16,72.34
2014-04-23,108.27,72.05
2014-04-24,108.37,72.35
2014-04-25,108.39,72.07
2014-04-28,108.32,72.63
2014-04-29,108.37,72.68
2014-04-30,108.59,72.94
2014-05-01,108.55,73.25
2014-05-02,108.68,73.23
2014-05-05,108.64,73.38
2014-05-06,108.72,73.12
2014-05-07,108.72,74.0
2014-05-08,108.79,74.17
2014-05-09,108.69,74.22
2014-05-12,108.6,74.45
2014-05-13,108.78,73.97
2014-05-14,109.09,74.0
2014-05-15,109.32,73.96
2014-05-16,109.2,74.64
2014-05-19,109.16,74.34
2014-05-20,109.21,74.11
2014-05-21,109.17,73.62
2014-05-22,109.12,73.49
2014-05-23,109.23,74.14
2014-05-27,109.33,74.67
2014-05-28,109.63,74.2
2014-05-29,109.57,74.35
2014-05-30,109.67,74.69
2014-06-02,109.13,74.92
2014-06-03,108.84,74.88
2014-06-04,108.8,75.03
2014-06-05,108.94,76.41
2014-06-06,108.88,76.09
2014-06-09,108.78,75.17
2014-06-10,108.62,74.61
2014-06-11,108.7,74.41
2014-06-12,108.91,74.22
2014-06-13,108.88,74.41
2014-06-16,108.82,74.03
2014-06-17,108.62,74.22
2014-06-18,108.91,74.74
2014-06-19,108.75,75.36
2014-06-20,108.94,75.62
2014-06-23,108.84,75.31
2014-06-24,109.03,74.67
2014-06-25,109.18,74.52
2014-06-26,109.39,74.45
2014-06-27,109.39,75.02
2014-06-30,109.4,74.84
2014-07-01,109.07,75.24
2014-07-02,108.69,75.06
2014-07-03,108.62,74.63
2014-07-07,108.65,74.85
2014-07-08,108.87,75.07
2014-07-09,108.96,75.19
2014-07-10,109.01,75.53
2014-07-11,109.16,75.54
2014-07-14,109.07,75.91
2014-07-15,108.93,75.96
2014-07-16,109.02,76.2
2014-07-17,109.34,75.81
2014-07-18,109.22,76.56
2014-07-21,109.26,76.28
2014-07-22,109.44,76.52
2014-07-23,109.46,76.66
2014-07-24,109.12,76.56
2014-07-25,109.33,76.03
2014-07-28,109.35,76.56
2014-07-29,109.46,76.19
2014-07-30,109.07,76.03
2014-07-31,108.93,74.9
2014-08-01,109.14,74.72
2014-08-04,109.12,75.24
2014-08-05,109.12,74.47
2014-08-06,109.13,74.44
2014-08-07,109.34,74.48
2014-08-08,109.38,74.92
2014-08-11,109.39,75.39
2014-08-12,109.34,75.27
2014-08-13,109.56,76.36
2014-08-14,109.62,76.31
2014-08-15,109.89,76.23
2014-08-18,109.66,76.98
2014-08-19,109.51,77.14
2014-08-20,109.39,77.49
2014-08-21,109.58,77.37
2014-08-22,109.56,76.75
2014-08-25,109.65,76.58
2014-08-26,109.66,76.73
2014-08-27,109.8,76.78
2014-08-28,110.02,76.77
2014-08-29,109.98,77.18
2014-09-02,109.45,77.19
2014-09-03,109.57,77.39
2014-09-04,109.43,77.1
2014-09-05,109.37,77.92
2014-09-08,109.26,77.84
2014-09-09,109.11,77.36
2014-09-10,108.96,76.14
2014-09-11,108.85,76.2
2014-09-12,108.63,73.86
2014-09-15,108.61,73.5
2014-09-16,108.61,74.22
2014-09-17,108.49,74.2
2014-09-18,108.5,73.55
2014-09-19,108.68,73.64
2014-09-22,108.83,73.06
2014-09-23,108.93,72.53
2014-09-24,108.86,71.67
2014-09-25,109.07,71.35
2014-09-26,109.06,72.31
2014-09-29,109.18,72.21
2014-09-30,109.11,71.85
2014-10-01,109.53,71.91
2014-10-02,109.35,71.79
2014-10-03,109.3,72.24
2014-10-06,109.4,72.43
2014-10-07,109.82,71.86
2014-10-08,110.13,73.42
2014-10-09,109.91,73.42
2014-10-10,109.99,73.49
2014-10-13,110.31,73.56
2014-10-14,110.56,74.75
2014-10-15,110.76,74.46
2014-10-16,110.67,74.58
2014-10-17,110.52,74.67
2014-10-20,110.65,75.81
2014-10-21,110.55,76.5
2014-10-22,110.49,76.52
2014-10-23,110.23,77.11
2014-10-24,110.27,77.05
2014-10-27,110.31,77.62
2014-10-28,110.14,77.96
2014-10-29,109.9,77.52
2014-10-30,110.08,78.01
2014-10-31,110.08,78.99
2014-11-03,109.68,79.68
2014-11-04,109.69,79.81
2014-11-05,109.73,79.64
2014-11-06,109.54,79.03
2014-11-07,109.91,78.93
2014-11-10,109.65,79.58
2014-11-11,109.7,79.27
2014-11-12,109.71,78.67
2014-11-13,109.76,79.1
2014-11-14,109.86,78.45
2014-11-17,109.73,78.8
2014-11-18,109.83,79.14
2014-11-19,109.57,78.43
2014-11-20,109.77,78.69
2014-11-21,109.9,79.18
2014-11-24,109.94,79.46
2014-11-25,110.18,79.6
2014-11-26,110.27,80.37
2014-11-28,110.61,80.57
2014-12-01,110.08,80.37
2014-12-02,109.86,80.87
2014-12-03,109.76,80.79
2014-12-04,110.09,81.0
2014-12-05,109.62,80.59
2014-12-08,109.89,81.1
2014-12-09,110.06,81.47
2014-12-10,110.25,81.39
2014-12-11,110.21,81.54
2014-12-12,110.56,80.83
2014-12-15,110.26,79.78
2014-12-16,110.53,79.67
2014-12-17,110.39,81.5
2014-12-18,110.1,82.07
2014-12-19,110.28,82.03
2014-12-22,110.45,82.28
2014-12-23,109.94,82.05
2014-12-24,109.69,81.71
2014-12-26,109.74,82.0
2014-12-29,109.97,82.45
2014-12-30,110.09,82.39
2014-12-31,110.12,81.0
2015-01-02,110.43,82.22
2015-01-05,110.67,82.67
2015-01-06,110.95,83.49
2015-01-07,110.93,84.77
2015-01-08,110.76,85.09
2015-01-09,111.03,85.13
2015-01-12,111.12,85.78
2015-01-13,111.15,85.65
2015-01-14,111.42,86.39
2015-01-15,111.93,86.59
2015-01-16,111.5,87.34
2015-01-20,111.69,86.65
2015-01-21,111.49,86.59
2015-01-22,111.43,88.13
2015-01-23,111.71,87.88
2015-01-26,111.66,88.62
2015-01-27,111.6,88.65
2015-01-28,112.07,88.06
2015-01-29,111.98,88.37
2015-01-30,112.38,86.55
2015-02-02,112.2,86.32
2015-02-03,111.77,87.07
2015-02-04,111.94,86.71
2015-02-05,111.71,87.75
2015-02-06,111.06,85.2
2015-02-09,111.04,84.6
2015-02-10,110.92,84.87
2015-02-11,110.87,84.62
2015-02-12,110.89,85.63
2015-02-13,110.76,85.06
2015-02-17,110.31,84.85
2015-02-18,110.62,85.64
2015-02-19,110.53,83.8
2015-02-20,110.55,84.61
2015-02-23,110.75,85.29
2015-02-24,111.24,83.61
2015-02-25,111.32,83.63
2015-02-26,110.92,82.72
2015-02-27,111.2,83.37
2015-03-02,110.45,83.85
2015-03-03,110.31,83.69
2015-03-04,110.37,82.89
2015-03-05,110.42,83.13
2015-03-06,109.7,80.37
2015-03-09,109.98,81.01
2015-03-10,110.24,80.95
2015-03-11,110.46,81.02
2015-03-12,110.55,82.43
2015-03-13,110.34,82.38
2015-03-16,110.58,83.23
2015-03-17,110.56,83.2
2015-03-18,111.37,84.94
2015-03-19,110.98,84.9
2015-03-20,111.32,87.03
2015-03-23,111.34,86.92
2015-03-24,111.64,86.18
2015-03-25,111.43,84.19
2015-03-26,111.03,83.75
2015-03-27,111.19,83.86
2015-03-30,111.24,85.06
2015-03-31,111.43,84.31
2015-04-01,111.58,84.19
2015-04-02,111.43,84.83
2015-04-06,111.5,85.71
2015-04-07,111.52,84.2
2015-04-08,111.53,84.33
2015-04-09,111.25,82.58
2015-04-10,111.25,82.52
2015-04-13,111.37,82.3
2015-04-14,111.49,82.59
2015-04-15,111.64,81.97
2015-04-16,111.58,82.18
2015-04-17,111.67,81.8
2015-04-20,111.59,81.92
2015-04-21,111.47,82.06
2015-04-22,111.14,82.23
2015-04-23,111.31,82.45
2015-04-24,111.5,82.62
2015-04-27,111.54,82.51
2015-04-28,111.11,82.35
2015-04-29,110.86,80.69
2015-04-30,110.86,79.38
2015-05-01,110.34,79.98
2015-05-04,110.13,80.06
2015-05-05,110.03,78.32
2015-05-06,109.66,78.17
2015-05-07,109.93,79.37
2015-05-08,110.29,80.48
2015-05-11,109.59,79.27
2015-05-12,109.58,79.51
2015-05-13,109.57,78.75
2015-05-14,109.74,80.27
2015-05-15,110.2,81.09
2015-05-18,109.78,80.88
2015-05-19,109.4,80.6
2015-05-20,109.57,80.53
2015-05-21,109.91,80.15
2015-05-22,109.79,80.05
2015-05-26,110.06,79.44
2015-05-27,110.17,80.22
2015-05-28,110.13,80.06
2015-05-29,110.17,79.14
2015-06-01,109.66,80.11
2015-06-02,109.23,79.37
2015-06-03,108.8,78.23
2015-06-04,109.03,78.08
2015-06-05,108.55,77.21
2015-06-08,108.71,77.07
2015-06-09,108.4,76.51
2015-06-10,108.13,77.05
2015-06-11,108.71,77.52
2015-06-12,108.58,77.45
2015-06-15,108.71,77.03
2015-06-16,108.89,77.65
2015-06-17,108.9,78.31
2015-06-18,108.87,79.39
2015-06-19,109.21,78.78
2015-06-22,108.67,77.97
2015-06-23,108.42,77.32
2015-06-24,108.59,76.9
2015-06-25,108.47,76.12
2015-06-26,108.21,75.9
2015-06-29,108.85,74.72
2015-06-30,108.78,74.69
2015-07-01,108.29,75.92
2015-07-02,108.44,76.11
2015-07-06,108.83,76.59
2015-07-07,108.98,77.79
2015-07-08,109.24,77.49
2015-07-09,108.84,77.12
2015-07-10,108.38,77.76
2015-07-13,108.22,77.87
2015-07-14,108.4,78.03
2015-07-15,108.69,78.16
2015-07-16,108.78,78.79
2015-07-17,108.79,78.51
2015-07-20,108.6,78.6
2015-07-21,108.78,78.38
2015-07-22,108.83,78.72
2015-07-23,109.14,77.74
2015-07-24,109.12,78.07
2015-07-27,109.26,78.21
2015-07-28,109.15,78.26
2015-07-29,109.06,78.77
2015-07-30,109.07,78.38
2015-07-31,109.5,79.0
2015-08-03,109.4,79.49
2015-08-04,109.08,78.91
2015-08-05,108.88,78.39
2015-08-06,109.01,78.5
2015-08-07,109.2,78.79
2015-08-10,109.06,78.54
2015-08-11,109.42,79.06
2015-08-12,109.35,79.31
2015-08-13,109.12,79.4
2015-08-14,109.07,79.83
2015-08-17,109.26,80.51
2015-08-18,109.06,80.73
2015-08-19,109.4,80.25
2015-08-20,109.57,79.66
2015-08-21,109.76,78.18
2015-08-24,109.72,74.52
2015-08-25,109.46,72.47
2015-08-26,108.95,74.43
2015-08-27,109.1,75.87
2015-08-28,109.0,75.76
2015-08-31,108.92,74.03
2015-09-01,109.02,72.62
2015-09-02,108.88,73.37
2015-09-03,109.04,73.57
2015-09-04,109.27,72.2
2015-09-08,109.01,73.29
2015-09-09,109.05,72.45
2015-09-10,108.93,72.61
2015-09-11,109.06,74.0
2015-09-14,109.09,74.04
2015-09-15,108.6,74.77
2015-09-16,108.51,75.57
2015-09-17,109.19,76.43
2015-09-18,109.28,76.3
2015-09-21,108.99,76.95
2015-09-22,109.25,75.98
2015-09-23,109.16,75.7
2015-09-24,109.3,74.99
2015-09-25,109.11,75.29
2015-09-28,109.37,74.12
2015-09-29,109.54,74.91
2015-09-30,109.58,75.54
2015-10-01,109.46,75.91
2015-10-02,109.79,76.46
2015-10-05,109.38,77.75
2015-10-06,109.65,77.57
2015-10-07,109.57,78.46
2015-10-08,109.42,79.12
2015-10-09,109.33,78.99
2015-10-12,109.61,79.55
2015-10-13,109.62,78.93
2015-10-14,110.03,78.34
2015-10-15,109.88,79.41
2015-10-16,109.77,80.01
2015-10-19,109.88,81.13
2015-10-20,109.66,81.1
2015-10-21,109.92,80.8
2015-10-22,109.94,81.51
2015-10-23,109.75,80.72
2015-10-26,109.8,80.7
2015-10-27,109.96,80.67
2015-10-28,109.63,80.74
2015-10-29,109.16,80.63
2015-10-30,109.45,79.89
2015-11-02,109.02,81.59
2015-11-03,108.82,80.77
2015-11-04,108.82,80.41
2015-11-05,108.77,80.73
2015-11-06,108.25,78.22
2015-11-09,108.18,76.88
2015-11-10,108.38,77.76
2015-11-11,108.24,77.85
2015-11-12,108.34,77.32
2015-11-13,108.55,76.44
2015-11-16,108.64,77.32
2015-11-17,108.72,77.32
2015-11-18,108.64,78.0
2015-11-19,108.69,78.24
2015-11-20,108.62,79.22
2015-11-23,108.65,79.39
2015-11-24,108.75,78.97
2015-11-25,108.8,79.29
2015-11-27,108.77,79.98
2015-11-30,108.81,79.39
2015-12-01,108.82,80.49
2015-12-02,108.69,78.85
2015-12-03,107.89,77.61
2015-12-04,108.24,79.09
2015-12-07,108.4,78.87
2015-12-08,108.44,78.8
2015-12-09,108.44,78.36
2015-12-10,108.42,77.8
2015-12-11,108.69,77.66
2015-12-14,108.18,78.02
2015-12-15,108.19,78.87
2015-12-16,108.0,80.41
2015-12-17,108.15,80.01
2015-12-18,108.38,79.08
2015-12-21,108.28,79.39
2015-12-22,108.2,79.71
2015-12-23,108.18,79.42
2015-12-24,108.01,79.42
2015-12-28,108.01,79.86
2015-12-29,107.74,80.71
2015-12-30,107.72,80.43
2015-12-31,108.01,79.73
2016-01-04,107.97,78.77
2016-01-05,108.02,80.29
2016-01-06,108.43,80.07
2016-01-07,108.42,78.51
2016-01-08,108.66,77.46
2016-01-11,108.35,77.9
2016-01-12,108.59,77.38
2016-01-13,108.84,76.27
2016-01-14,108.8,76.09
2016-01-15,108.93,75.57
2016-01-19,108.82,75.97
2016-01-20,108.91,73.93
2016-01-21,108.76,74.34
2016-01-22,108.84,76.41
2016-01-25,108.78,75.93
2016-01-26,108.92,77.52
2016-01-27,108.94,76.02
2016-01-28,109.03,75.44
2016-01-29,109.35,76.99
2016-02-01,108.99,77.12
2016-02-02,109.32,76.42
2016-02-03,109.31,76.93
2016-02-04,109.42,76.97
2016-02-05,109.32,75.51
2016-02-08,109.74,73.35
2016-02-09,109.73,72.0
2016-02-10,110.0,72.5
2016-02-11,110.07,71.47
2016-02-12,109.77,72.29
2016-02-16,109.5,73.62
2016-02-17,109.44,74.25
2016-02-18,109.77,75.0
2016-02-19,109.79,75.43
2016-02-22,109.82,76.15
2016-02-23,109.84,75.95
2016-02-24,109.88,75.86
2016-02-25,110.16,77.41
2016-02-26,109.96,77.01
2016-02-29,110.09,76.71
2016-03-01,109.54,78.87
2016-03-02,109.42,79.44
2016-03-03,109.55,79.86
2016-03-04,109.38,79.87
2016-03-07,109.35,80.08
2016-03-08,109.62,79.26
2016-03-09,109.57,79.7
2016-03-10,109.62,79.41
2016-03-11,109.42,81.19
2016-03-14,109.48,81.2
2016-03-15,109.38,81.24
2016-03-16,109.85,82.22
2016-03-17,110.08,83.38
2016-03-18,110.17,83.02
2016-03-21,109.93,81.36
2016-03-22,109.86,81.36
2016-03-23,110.1,80.92
2016-03-24,110.11,80.95
2016-03-28,110.19,81.68
2016-03-29,110.52,83.45
2016-03-30,110.48,83.29
2016-03-31,110.83,83.8
2016-04-01,110.51,83.69
2016-04-04,110.62,83.57
2016-04-05,110.77,83.02
2016-04-06,110.75,83.22
2016-04-07,110.99,82.7
2016-04-08,110.88,83.16
2016-04-11,110.96,82.99
2016-04-12,110.78,83.59
2016-04-13,110.83,83.22
2016-04-14,110.64,82.76
2016-04-15,110.95,83.38
2016-04-18,110.94,83.78
2016-04-19,110.93,83.82
2016-04-20,110.66,82.4
2016-04-21,110.51,80.93
2016-04-22,110.52,81.77
2016-04-25,110.4,82.49
2016-04-26,110.35,82.81
2016-04-27,110.68,82.76
2016-04-28,110.9,82.59
2016-04-29,110.89,81.83
2016-05-02,110.61,83.1
2016-05-03,110.81,83.23
2016-05-04,110.86,84.42
2016-05-05,111.14,84.66
2016-05-06,110.97,85.59
2016-05-09,111.04,86.53
2016-05-10,111.09,86.52
2016-05-11,111.09,84.67
2016-05-12,110.99,85.16
2016-05-13,111.2,84.4
2016-05-16,111.01,85.2
2016-05-17,110.86,83.62
2016-05-18,110.4,82.31
2016-05-19,110.47,81.39
2016-05-20,110.54,82.04
2016-05-23,110.52,82.05
2016-05-24,110.46,83.07
2016-05-25,110.48,83.07
2016-05-26,110.65,83.23
2016-05-27,110.63,83.68
2016-05-31,110.7,83.67
2016-06-01,110.42,83.74
2016-06-02,110.7,84.17
2016-06-03,111.3,84.51
2016-06-06,111.15,83.86
2016-06-07,111.25,84.37
2016-06-08,111.29,84.91
2016-06-09,111.37,85.1
2016-06-10,111.52,84.7
2016-06-13,111.61,84.72
2016-06-14,111.56,84.5
2016-06-15,111.8,85.3
2016-06-16,111.87,85.78
2016-06-17,111.79,85.64
2016-06-20,111.48,85.76
2016-06-21,111.4,85.32
2016-06-22,111.47,85.19
2016-06-23,111.28,85.62
2016-06-24,111.86,84.87
2016-06-27,112.33,84.92
2016-06-28,112.47,86.71
2016-06-29,112.39,87.76
2016-06-30,112.62,88.67
2016-07-01,112.65,88.7
2016-07-05,112.95,89.68
2016-07-06,113.16,89.29
2016-07-07,113.08,88.37
2016-07-08,113.25,89.8
2016-07-11,112.95,90.4
2016-07-12,112.61,90.39
2016-07-13,112.77,90.89
2016-07-14,112.67,90.08
2016-07-15,112.26,90.11
2016-07-18,112.32,90.35
2016-07-19,112.51,90.79
2016-07-20,112.41,90.8
2016-07-21,112.51,90.98
2016-07-22,112.53,91.78
2016-07-25,112.4,91.61
2016-07-26,112.4,91.16
2016-07-27,112.73,90.45
2016-07-28,112.72,91.29
2016-07-29,113.02,92.45
2016-08-01,112.55,92.65
2016-08-02,112.22,91.17
2016-08-03,112.34,90.64
2016-08-04,112.55,90.27
2016-08-05,112.17,90.33
2016-08-08,112.24,90.49
2016-08-09,112.53,90.98
2016-08-10,112.66,90.88
2016-08-11,112.36,89.85
2016-08-12,112.63,90.23
2016-08-15,112.43,90.14
2016-08-16,112.36,89.06
2016-08-17,112.57,89.42
2016-08-18,112.73,89.09
2016-08-19,112.48,88.52
2016-08-22,112.65,89.0
2016-08-23,112.68,89.05
2016-08-24,112.64,88.66
2016-08-25,112.52,89.06
2016-08-26,112.34,88.18
2016-08-29,112.65,89.05
2016-08-30,112.59,88.88
2016-08-31,112.57,88.97
2016-09-01,112.46,88.75
2016-09-02,112.31,89.52
2016-09-06,112.55,90.21
2016-09-07,112.61,90.75
2016-09-08,112.22,89.64
2016-09-09,111.73,86.09
2016-09-12,111.82,87.11
2016-09-13,111.51,84.34
2016-09-14,111.65,84.61
2016-09-15,111.72,84.93
2016-09-16,111.8,84.97
2016-09-19,111.71,85.74
2016-09-20,111.75,85.61
2016-09-21,112.03,86.71
2016-09-22,112.26,88.26
2016-09-23,112.23,88.53
2016-09-26,112.37,88.74
2016-09-27,112.51,87.8
2016-09-28,112.54,88.52
2016-09-29,112.54,87.34
2016-09-30,112.42,86.74
2016-10-03,112.09,85.12
2016-10-04,111.71,83.96
2016-10-05,111.56,82.26
2016-10-06,111.56,82.29
2016-10-07,111.58,82.15
2016-10-10,111.53,82.66
2016-10-11,111.36,81.86
2016-10-12,111.4,82.8
2016-10-13,111.56,83.45
2016-10-14,111.37,83.08
2016-10-17,111.56,83.26
2016-10-18,111.74,83.79
2016-10-19,111.8,83.97
2016-10-20,111.76,83.78
2016-10-21,111.83,83.47
2016-10-24,111.66,83.66
2016-10-25,111.66,83.51
2016-10-26,111.44,82.42
2016-10-27,111.16,80.26
2016-10-28,111.16,80.45
2016-10-31,111.3,81.76
2016-11-01,111.03,79.98
2016-11-02,111.16,78.81
2016-11-03,111.01,78.2
2016-11-04,111.24,78.82
2016-11-07,111.11,80.2
2016-11-08,110.93,80.62
2016-11-09,109.9,79.4
2016-11-10,109.45,78.07
2016-11-11,109.25,78.54
2016-11-14,108.81,80.4
2016-11-15,108.89,79.73
2016-11-16,109.13,79.5
2016-11-17,108.72,78.69
2016-11-18,108.37,78.92
2016-11-21,108.46,78.68
2016-11-22,108.56,80.06
2016-11-23,108.18,79.72
2016-11-25,108.17,80.18
2016-11-28,108.55,80.55
2016-11-29,108.67,81.32
2016-11-30,108.24,80.39
2016-12-01,107.68,79.21
2016-12-02,108.02,80.0
2016-12-05,108.11,80.59
2016-12-06,108.09,81.11
2016-12-07,108.37,82.73
2016-12-08,108.17,83.3
2016-12-09,107.84,83.21
2016-12-12,107.74,83.76
2016-12-13,107.88,83.72
2016-12-14,107.29,81.89
2016-12-15,107.16,81.41
2016-12-16,107.23,82.63
2016-12-19,107.51,83.52
2016-12-20,107.41,83.71
2016-12-21,107.64,82.44
2016-12-22,107.39,80.61
2016-12-23,107.42,80.82
2016-12-27,107.34,80.99
2016-12-28,107.51,80.5
2016-12-29,107.84,81.5
2016-12-30,108.06,82.53
2017-01-03,108.17,82.8
2017-01-04,108.2,84.01
2017-01-05,108.65,84.28
2017-01-06,108.29,84.29
2017-01-09,108.47,83.53
2017-01-10,108.44,82.82
2017-01-11,108.57,82.31
2017-01-12,108.61,82.73
2017-01-13,108.42,82.61
2017-01-17,108.79,83.25
2017-01-18,108.32,83.39
2017-01-19,108.04,82.54
2017-01-20,108.08,83.14
2017-01-23,108.38,83.84
2017-01-24,108.21,83.86
2017-01-25,107.92,83.31
2017-01-26,107.99,83.15
2017-01-27,108.08,82.34
2017-01-30,108.03,81.78
2017-01-31,108.29,82.37
2017-02-01,107.92,81.38
2017-02-02,107.98,82.35
2017-02-03,108.01,82.8
2017-02-06,108.32,82.66
2017-02-07,108.43,82.37
2017-02-08,108.74,83.02
2017-02-09,108.48,83.22
2017-02-10,108.46,83.81
2017-02-13,108.3,83.84
2017-02-14,108.06,83.4
2017-02-15,107.89,83.12
2017-02-16,108.12,83.61
2017-02-17,108.36,83.77
2017-02-21,108.35,84.84
2017-02-22,108.42,84.56
2017-02-23,108.6,85.0
2017-02-24,109.0,85.4
2017-02-27,108.8,85.85
2017-02-28,108.77,85.26
2017-03-01,108.04,85.0
2017-03-02,107.84,84.54
2017-03-03,107.92,84.21
2017-03-06,107.87,83.83
2017-03-07,107.73,83.43
2017-03-08,107.47,81.89
2017-03-09,107.14,80.66
2017-03-10,107.3,80.41
2017-03-13,107.12,80.61
2017-03-14,107.16,80.59
2017-03-15,107.78,82.22
2017-03-16,107.66,82.06
2017-03-17,107.89,82.44
2017-03-20,108.05,82.3
2017-03-21,108.27,82.01
2017-03-22,108.42,81.37
2017-03-23,108.45,81.97
2017-03-24,108.36,81.88
2017-03-27,108.62,81.14
2017-03-28,108.37,81.49
2017-03-29,108.61,81.95
2017-03-30,108.41,82.1
2017-03-31,108.49,82.59
2017-04-03,108.67,82.83
2017-04-04,108.57,82.83
2017-04-05,108.69,82.95
2017-04-06,108.68,83.39
2017-04-07,108.44,83.51
2017-04-10,108.58,84.03
2017-04-11,108.89,84.61
2017-04-12,109.13,84.46
2017-04-13,109.27,84.27
2017-04-17,109.21,85.29
2017-04-18,109.65,85.52
2017-04-19,109.48,85.4
2017-04-20,109.31,85.41
2017-04-21,109.34,85.1
2017-04-24,109.18,84.16
2017-04-25,108.82,84.51
2017-04-26,108.96,83.88
2017-04-27,109.06,83.66
2017-04-28,109.25,82.79
2017-05-01,108.73,83.28
2017-05-02,108.88,83.14
2017-05-03,108.77,82.03
2017-05-04,108.68,81.63
2017-05-05,108.7,82.4
2017-05-08,108.49,81.82
2017-05-09,108.5,81.38
2017-05-10,108.53,82.02
2017-05-11,108.52,81.61
2017-05-12,108.92,81.28
2017-05-15,108.88,81.52
2017-05-16,109.02,80.97
2017-05-17,109.58,81.3
2017-05-18,109.52,81.75
2017-05-19,109.52,82.19
2017-05-22,109.45,82.51
2017-05-23,109.24,82.58
2017-05-24,109.43,83.25
2017-05-25,109.48,83.26
2017-05-26,109.44,82.66
2017-05-30,109.65,82.14
2017-05-31,109.76,82.19
2017-06-01,109.48,82.62
2017-06-02,109.84,83.47
2017-06-05,109.67,83.11
2017-06-06,109.89,82.71
2017-06-07,109.76,83.29
2017-06-08,109.65,83.09
2017-06-09,109.56,83.67
2017-06-12,109.56,84.42
2017-06-13,109.59,84.61
2017-06-14,109.94,84.73
2017-06-15,109.87,85.16
2017-06-16,109.94,84.94
2017-06-19,109.79,84.95
2017-06-20,109.96,84.75
2017-06-21,109.98,84.58
2017-06-22,110.03,84.66
2017-06-23,110.05,84.15
2017-06-26,110.15,84.75
2017-06-27,109.82,83.99
2017-06-28,109.86,84.19
2017-06-29,109.65,83.23
2017-06-30,109.51,83.23
2017-07-03,109.09,84.29
2017-07-05,109.15,83.1
2017-07-06,108.94,81.54
2017-07-07,108.9,82.0
2017-07-10,108.95,81.25
2017-07-11,109.05,81.16
2017-07-12,109.38,82.16
2017-07-13,109.26,82.29
2017-07-14,109.37,83.08
2017-07-17,109.42,83.75
2017-07-18,109.67,83.57
2017-07-19,109.7,84.2
2017-07-20,109.73,83.81
2017-07-21,109.92,83.75
2017-07-24,109.82,83.59
2017-07-25,109.43,83.7
2017-07-26,109.64,84.28
2017-07-27,109.48,84.38
2017-07-28,109.7,84.15
2017-07-31,109.65,84.26
2017-08-01,109.72,84.64
2017-08-02,109.64,83.87
2017-08-03,109.86,83.7
2017-08-04,109.68,83.98
2017-08-07,109.67,83.89
2017-08-08,109.57,83.49
2017-08-09,109.67,83.21
2017-08-10,109.78,82.61
2017-08-11,109.87,82.1
2017-08-14,109.82,83.47
2017-08-15,109.66,83.22
2017-08-16,109.86,83.55
2017-08-17,110.02,83.03
2017-08-18,109.95,82.19
2017-08-21,110.03,83.07
2017-08-22,109.93,82.83
2017-08-23,110.18,83.68
2017-08-24,110.04,83.42
2017-08-25,110.12,83.82
2017-08-28,110.16,83.18
2017-08-29,110.32,83.09
2017-08-30,110.3,83.56
2017-08-31,110.45,84.04
2017-09-01,109.97,84.33
2017-09-05,110.42,84.1
2017-09-06,110.3,84.32
2017-09-07,110.57,84.86
2017-09-08,110.44,84.93
2017-09-11,110.14,85.71
2017-09-12,109.98,84.7
2017-09-13,109.87,84.48
2017-09-14,109.93,85.18
2017-09-15,109.91,85.34
2017-09-18,109.86,84.88
2017-09-19,109.8,84.32
2017-09-20,109.71,84.09
2017-09-21,109.69,83.93
2017-09-22,109.77,82.49
2017-09-25,110.03,82.97
2017-09-26,109.99,83.11
2017-09-27,109.67,82.36
2017-09-28,109.68,82.92
2017-09-29,109.59,83.09
2017-10-02,109.43,82.97
2017-10-03,109.52,82.85
2017-10-04,109.49,83.27
2017-10-05,109.44,83.57
2017-10-06,109.28,83.3
2017-10-09,109.43,83.5
2017-10-10,109.44,83.75
2017-10-11,109.46,84.03
2017-10-12,109.59,84.57
2017-10-13,109.86,84.79
2017-10-16,109.75,84.37
2017-10-17,109.71,84.47
2017-10-18,109.54,84.38
2017-10-19,109.62,84.13
2017-10-20,109.3,83.65
2017-10-23,109.42,83.33
2017-10-24,109.19,82.83
2017-10-25,109.12,82.59
2017-10-26,109.0,81.91
2017-10-27,109.24,82.28
2017-10-30,109.54,82.21
2017-10-31,109.47,82.2
2017-11-01,109.29,82.6
2017-11-02,109.35,83.3
2017-11-03,109.45,83.09
2017-11-06,109.55,83.65
2017-11-07,109.58,84.33
2017-11-08,109.51,84.75
2017-11-09,109.43,84.84
2017-11-10,108.99,84.93
2017-11-13,108.99,85.36
2017-11-14,109.1,85.18
2017-11-15,109.31,84.32
2017-11-16,109.19,85.02
2017-11-17,109.31,84.65
2017-11-20,109.25,84.4
2017-11-21,109.36,85.03
2017-11-22,109.55,84.84
2017-11-24,109.53,84.95
2017-11-27,109.53,84.55
2017-11-28,109.53,84.23
2017-11-29,109.26,84.26
2017-11-30,109.08,84.39
2017-12-01,109.16,84.59
2017-12-04,109.15,84.17
2017-12-05,109.26,83.47
2017-12-06,109.37,83.39
2017-12-07,109.23,83.6
2017-12-08,109.19,84.03
2017-12-11,109.15,84.02
2017-12-12,109.1,84.43
2017-12-13,109.41,84.57
2017-12-14,109.44,84.55
2017-12-15,109.47,85.08
2017-12-18,109.33,85.64
2017-12-19,109.01,83.82
2017-12-20,108.76,82.85
2017-12-21,108.82,81.27
2017-12-22,108.87,81.83
2017-12-26,108.96,82.24
2017-12-27,109.3,82.51
2017-12-28,109.22,82.95
2017-12-29,109.33,82.98
2018-01-02,109.17,82.67
2018-01-03,109.18,82.43
2018-01-04,109.11,81.01
2018-01-05,109.04,81.05
2018-01-08,109.01,81.47
2018-01-09,108.71,80.42
2018-01-10,108.71,79.52
2018-01-11,108.76,79.25
2018-01-12,108.74,78.61
2018-01-16,108.77,78.76
2018-01-17,108.65,79.31
2018-01-18,108.41,78.29
2018-01-19,108.18,78.71
2018-01-22,108.14,79.43
2018-01-23,108.4,80.53
2018-01-24,108.29,80.11
2018-01-25,108.57,79.97
2018-01-26,108.37,79.69
2018-01-29,108.18,78.62
2018-01-30,108.01,78.05
2018-01-31,108.1,79.45
2018-02-01,107.52,77.74
2018-02-02,107.2,77.08
2018-02-05,107.63,74.79
2018-02-06,107.32,74.8
2018-02-07,107.08,74.48
2018-02-08,106.9,72.34
2018-02-09,106.76,74.15
2018-02-12,106.79,74.18
2018-02-13,106.82,74.7
2018-02-14,106.46,74.16
2018-02-15,106.59,74.88
2018-02-16,106.8,75.29
2018-02-20,106.69,74.4
2018-02-21,106.35,72.93
2018-02-22,106.36,73.76
2018-02-23,106.63,74.94
2018-02-26,106.71,75.15
2018-02-27,106.48,73.4
2018-02-28,106.77,73.35
2018-03-01,106.63,73.42
2018-03-02,106.46,73.39
2018-03-05,106.4,74.22
2018-03-06,106.42,74.57
2018-03-07,106.4,75.03
2018-03-08,106.57,75.17
2018-03-09,106.37,75.58
2018-03-12,106.43,75.91
2018-03-13,106.57,75.98
2018-03-14,106.75,76.05
2018-03-15,106.76,76.03
2018-03-16,106.7,76.56
2018-03-19,106.59,75.9
2018-03-20,106.42,75.64
2018-03-21,106.41,75.08
2018-03-22,106.61,74.64
2018-03-23,106.61,73.31
2018-03-26,106.57,73.43
2018-03-27,106.88,73.71
2018-03-28,106.94,75.56
2018-03-29,107.25,75.47
2018-04-02,106.9,74.45
2018-04-03,106.78,75.08
2018-04-04,106.82,75.87
2018-04-05,106.67,75.84
2018-04-06,106.91,75.27
2018-04-09,107.0,75.03
2018-04-10,106.92,74.95
2018-04-11,107.01,75.11
2018-04-12,106.77,74.27
2018-04-13,106.8,74.66
2018-04-16,106.82,75.12
2018-04-17,106.85,76.0
2018-04-18,106.55,75.84
2018-04-19,106.29,74.74
2018-04-20,106.0,74.05
2018-04-23,105.95,73.99
2018-04-24,105.81,74.27
2018-04-25,105.67,74.13
2018-04-26,105.85,75.1
2018-04-27,105.98,76.39
2018-04-30,106.0,76.09
2018-05-01,105.67,76.78
2018-05-02,105.67,76.5
2018-05-03,105.79,76.45
2018-05-04,105.86,77.29
2018-05-07,105.81,77.81
2018-05-08,105.69,77.42
2018-05-09,105.57,77.94
2018-05-10,105.81,78.55
2018-05-11,105.86,78.28
2018-05-14,105.76,77.61
2018-05-15,105.29,76.35
2018-05-16,105.17,76.12
2018-05-17,105.03,75.74
2018-05-18,105.3,75.84
2018-05-21,105.31,76.74
2018-05-22,105.31,76.85
2018-05-23,105.6,77.62
2018-05-24,105.89,77.46
2018-05-25,106.12,77.73
2018-05-29,106.82,78.1
2018-05-30,106.55,79.16
2018-05-31,106.46,78.89
2018-06-01,106.08,79.24
2018-06-04,105.83,79.93
2018-06-05,105.91,79.72
2018-06-06,105.67,79.91
2018-06-07,105.9,79.91
2018-06-08,105.75,80.2
2018-06-11,105.64,80.08
2018-06-12,105.67,80.56
2018-06-13,105.57,78.99
2018-06-14,105.84,79.74
2018-06-15,105.88,79.69
2018-06-18,105.9,78.98
2018-06-19,106.01,78.9
2018-06-20,105.81,79.78
2018-06-21,105.84,80.16
2018-06-22,105.94,80.79
2018-06-25,105.88,80.58
2018-06-26,106.05,80.84
2018-06-27,106.24,80.53
2018-06-28,106.23,81.25
2018-06-29,106.32,81.45
2018-07-02,105.99,81.0
2018-07-03,106.21,81.61
2018-07-05,106.31,82.58
2018-07-06,106.42,83.02
2018-07-09,106.32,82.36
2018-07-10,106.24,82.53
2018-07-11,106.28,82.26
2018-07-12,106.41,82.51
2018-07-13,106.51,82.26
2018-07-16,106.39,81.82
2018-07-17,106.35,81.28
2018-07-18,106.32,80.92
2018-07-19,106.48,81.87
2018-07-20,106.27,81.08
2018-07-23,105.9,80.91
2018-07-24,106.05,80.5
2018-07-25,106.06,81.14
2018-07-26,106.0,81.41
2018-07-27,106.08,80.54
2018-07-30,105.97,80.59
2018-07-31,106.06,81.94
2018-08-01,105.7,82.52
2018-08-02,105.74,82.19
2018-08-03,105.97,83.08
2018-08-06,106.04,82.97
2018-08-07,105.85,82.82
2018-08-08,105.85,82.34
2018-08-09,106.0,82.38
2018-08-10,106.23,81.75
2018-08-13,106.29,81.59
2018-08-14,106.19,81.99
2018-08-15,106.34,82.62
2018-08-16,106.4,83.29
2018-08-17,106.46,84.06
2018-08-20,106.67,84.12
2018-08-21,106.58,83.61
2018-08-22,106.67,83.14
2018-08-23,106.61,82.93
2018-08-24,106.73,83.42
2018-08-27,106.59,83.12
2018-08-28,106.39,84.24
2018-08-29,106.37,84.26
2018-08-30,106.42,83.72
2018-08-31,106.41,84.05
2018-09-04,106.06,83.05
2018-09-05,106.01,83.53
2018-09-06,106.19,83.77
2018-09-07,105.81,82.86
2018-09-10,105.91,83.23
2018-09-11,105.73,83.22
2018-09-12,105.8,83.26
2018-09-13,105.87,83.67
2018-09-14,105.67,83.14
2018-09-17,105.67,83.41
2018-09-18,105.44,83.01
2018-09-19,105.24,82.04
2018-09-20,105.38,82.81
2018-09-21,105.46,82.78
2018-09-24,105.36,80.17
2018-09-25,105.31,80.18
2018-09-26,105.56,79.22
2018-09-27,105.63,79.6
2018-09-28,105.52,80.68
2018-10-01,105.24,79.93
2018-10-02,105.36,79.75
2018-10-03,104.86,78.9
2018-10-04,104.56,78.24
2018-10-05,104.33,78.2
2018-10-08,104.29,79.33
2018-10-09,104.44,79.44
2018-10-10,104.41,78.26
2018-10-11,104.72,76.02
2018-10-12,104.75,75.82
2018-10-15,104.68,76.33
2018-10-16,104.74,77.9
2018-10-17,104.53,77.6
2018-10-18,104.46,77.45
2018-10-19,104.37,78.12
2018-10-22,104.35,77.03
2018-10-23,104.48,77.37
2018-10-24,104.75,78.1
2018-10-25,104.66,79.1
2018-10-26,104.9,77.2
2018-10-29,104.79,78.18
2018-10-30,104.64,79.25
2018-10-31,104.59,78.32
2018-11-01,104.34,78.69
2018-11-02,104.03,78.04
2018-11-05,104.1,79.2
2018-11-06,104.11,79.6
2018-11-07,104.2,80.55
2018-11-08,104.01,80.61
2018-11-09,104.14,80.6
2018-11-12,104.31,80.76
2018-11-13,104.35,80.68
2018-11-14,104.36,80.48
2018-11-15,104.49,79.93
2018-11-16,104.66,80.79
2018-11-19,104.65,80.9
2018-11-20,104.61,80.07
2018-11-21,104.68,80.14
2018-11-23,104.65,79.98
2018-11-26,104.63,80.13
2018-11-27,104.66,80.47
2018-11-28,104.86,81.19
2018-11-29,104.91,81.21
2018-11-30,104.88,81.98
2018-12-03,104.8,82.42
2018-12-04,105.08,81.2
2018-12-06,105.34,83.21
2018-12-07,105.48,82.12
2018-12-10,105.55,81.59
2018-12-11,105.58,81.63
2018-12-12,105.5,80.37
2018-12-13,105.53,79.88
2018-12-14,105.56,79.65
2018-12-17,105.74,76.65
2018-12-18,105.84,77.44
2018-12-19,105.94,76.59
2018-12-20,105.84,75.44
2018-12-21,105.79,74.39
2018-12-24,105.86,71.74
2018-12-26,105.66,74.14
2018-12-27,105.83,74.13
2018-12-28,106.22,74.37
2018-12-31,106.49,74.57
2019-01-02,106.57,72.95
2019-01-03,107.01,73.46
2019-01-04,106.69,74.32
2019-01-07,106.51,75.05
2019-01-08,106.43,76.6
2019-01-09,106.52,76.49
2019-01-10,106.4,77.53
2019-01-11,106.55,77.75
2019-01-14,106.4,77.49
2019-01-15,106.42,78.23
2019-01-16,106.51,78.78
2019-01-17,106.43,79.16
2019-01-18,106.35,79.43
2019-01-22,106.44,79.19
2019-01-23,106.55,79.2
2019-01-24,106.73,79.47
2019-01-25,106.68,80.46
2019-01-28,106.62,81.25
2019-01-29,106.9,81.89
2019-01-30,107.14,82.55
2019-01-31,107.46,83.41
2019-02-01,106.97,82.88
2019-02-04,106.88,83.5
2019-02-05,107.11,83.98
2019-02-06,107.05,83.43
2019-02-07,107.1,84.12
2019-02-08,107.34,84.12
2019-02-11,107.23,84.35
2019-02-12,107.25,83.82
2019-02-13,107.06,84.25
2019-02-14,107.22,84.52
2019-02-15,107.3,85.09
2019-02-19,107.36,85.07
2019-02-20,107.37,84.54
2019-02-21,107.13,84.62
2019-02-22,107.4,85.12
2019-02-25,107.37,84.45
2019-02-26,107.49,84.19
2019-02-27,107.26,83.77
2019-02-28,107.07,83.99
2019-03-01,106.63,83.73
2019-03-04,106.76,84.11
2019-03-05,106.83,84.34
2019-03-06,106.99,83.95
2019-03-07,107.29,83.77
2019-03-08,107.43,83.86
2019-03-11,107.44,85.09
2019-03-12,107.64,85.48
2019-03-13,107.59,85.9
2019-03-14,107.43,86.03
2019-03-15,107.7,85.76
2019-03-18,107.68,85.33
2019-03-19,107.62,85.07
2019-03-20,108.06,85.33
2019-03-21,108.08,86.85
2019-03-22,108.62,86.22
2019-03-25,108.82,86.33
2019-03-26,108.84,87.02
2019-03-27,109.07,86.77
2019-03-28,109.08,86.99
2019-03-29,109.07,86.91
2019-04-01,108.31,86.86
2019-04-02,108.43,87.47
2019-04-03,108.23,87.37
2019-04-04,108.31,87.23
2019-04-05,108.39,87.84
2019-04-08,108.34,87.35
2019-04-09,108.4,86.89
2019-04-10,108.61,87.69
2019-04-11,108.48,87.63
2019-04-12,108.27,88.05
2019-04-15,108.25,87.6
2019-04-16,108.06,85.62
2019-04-17,108.05,84.84
2019-04-18,108.19,85.49
2019-04-22,108.06,84.55
2019-04-23,108.25,85.67
2019-04-24,108.5,86.3
2019-04-25,108.49,86.12
2019-04-26,108.71,86.8
2019-04-29,108.52,85.95
2019-04-30,108.59,86.77
2019-05-01,108.4,86.84
2019-05-02,108.16,86.93
2019-05-03,108.34,87.67
2019-05-06,108.48,87.39
2019-05-07,108.61,85.81
2019-05-08,108.59,85.72
2019-05-09,108.65,85.94
2019-05-10,108.67,86.86
2019-05-13,108.85,86.77
2019-05-14,108.94,87.09
2019-05-15,109.13,87.68
2019-05-16,109.0,88.03
2019-05-17,109.03,87.86
2019-05-20,108.88,86.59
2019-05-21,108.87,87.33
2019-05-22,109.05,87.59
2019-05-23,109.37,87.79
2019-05-24,109.41,88.06
2019-05-28,109.57,87.19
2019-05-29,109.6,86.03
2019-05-30,109.89,86.39
2019-05-31,110.4,86.89
2019-06-03,110.4,87.1
2019-06-04,110.3,86.71
2019-06-05,110.24,88.52
2019-06-06,110.22,88.69
2019-06-07,110.53,89.02
2019-06-10,110.24,88.73
2019-06-11,110.22,88.97
2019-06-12,110.36,89.27
2019-06-13,110.6,89.65
2019-06-14,110.57,89.7
2019-06-17,110.54,90.66
2019-06-18,110.84,90.57
2019-06-19,111.22,91.06
2019-06-20,111.41,91.52
2019-06-21,111.12,90.23
2019-06-24,111.32,89.92
2019-06-25,111.34,88.59
2019-06-26,111.09,86.82
2019-06-27,111.4,87.1
2019-06-28,111.35,87.4
2019-07-01,111.18,87.36
2019-07-02,111.38,88.88
2019-07-03,111.56,89.94
2019-07-05,111.09,89.62
2019-07-08,111.03,89.94
2019-07-09,111.0,90.24
2019-07-10,111.08,90.76
2019-07-11,110.67,89.58
2019-07-12,110.79,89.46
2019-07-15,110.95,89.39
2019-07-16,110.83,89.18
2019-07-17,111.12,88.88
2019-07-18,111.3,88.88
2019-07-19,111.17,87.43
2019-07-22,111.31,87.35
2019-07-23,111.2,88.34
2019-07-24,111.36,88.41
2019-07-25,111.19,87.89
2019-07-26,111.21,88.29
2019-07-29,111.26,88.53
2019-07-30,111.25,89.24
2019-07-31,111.3,88.89
2019-08-01,111.91,88.89
2019-08-02,111.95,89.32
2019-08-05,112.44,87.56
2019-08-06,112.74,88.53
2019-08-07,112.68,89.39
2019-08-08,112.79,90.96
2019-08-09,112.64,90.85
2019-08-12,113.05,90.61
2019-08-13,112.89,90.74
2019-08-14,113.24,89.36
2019-08-15,113.76,90.25
2019-08-16,113.67,91.18
2019-08-19,113.37,91.84
2019-08-20,113.68,91.19
2019-08-21,113.62,91.57
2019-08-22,113.32,91.99
2019-08-23,113.78,90.7
2019-08-26,113.73,91.4
2019-08-27,114.09,91.14
2019-08-28,114.1,91.44
2019-08-29,114.03,92.15
2019-08-30,114.13,92.22
2019-09-03,113.84,93.14
2019-09-04,114.04,93.92
2019-09-05,113.55,93.24
2019-09-06,113.67,93.45
2019-09-09,113.19,93.0
2019-09-10,112.58,92.04
2019-09-11,112.6,92.14
2019-09-12,112.42,92.63
2019-09-13,111.75,91.64
2019-09-16,112.05,92.44
2019-09-17,112.22,93.44
2019-09-18,112.35,93.12
2019-09-19,112.51,93.45
2019-09-20,112.92,93.45
2019-09-23,112.97,93.6
2019-09-24,113.28,92.65
2019-09-25,112.81,92.83
2019-09-26,113.0,93.61
2019-09-27,113.14,93.09
2019-09-30,113.17,93.25
2019-10-01,113.12,92.37
2019-10-02,113.2,91.98
2019-10-03,113.64,92.87
2019-10-04,113.82,93.43
2019-10-07,113.51,93.23
2019-10-08,113.55,92.74
2019-10-09,113.49,92.92
2019-10-10,113.1,93.07
2019-10-11,112.73,93.03
2019-10-14,112.92,93.07
2019-10-15,112.55,93.19
2019-10-16,112.75,93.2
2019-10-17,112.72,93.81
2019-10-18,112.8,94.53
2019-10-21,112.49,95.25
2019-10-22,112.66,94.97
2019-10-23,112.75,95.18
2019-10-24,112.78,94.94
2019-10-25,112.62,94.13
2019-10-28,112.38,93.56
2019-10-29,112.39,94.13
2019-10-30,112.71,94.47
2019-10-31,113.15,94.3
2019-11-01,112.93,94.28
2019-11-04,112.65,93.62
2019-11-05,112.23,92.03
2019-11-06,112.4,92.23
2019-11-07,111.87,91.31
2019-11-08,111.81,91.09
2019-11-11,111.83,91.29
2019-11-12,111.95,90.6
2019-11-13,112.15,91.43
2019-11-14,112.47,92.14
2019-11-15,112.41,92.64
2019-11-18,112.62,93.09
2019-11-19,112.7,93.25
2019-11-20,112.97,93.2
2019-11-21,112.81,91.89
2019-11-22,112.87,91.55
2019-11-25,112.98,91.84
2019-11-26,113.14,93.06
2019-11-27,113.0,93.5
2019-11-29,112.86,93.07
2019-12-02,112.49,91.66
2019-12-03,113.0,92.25
2019-12-04,112.81,92.63
2019-12-05,112.68,92.68
2019-12-06,112.52,92.87
2019-12-09,112.58,93.05
2019-12-10,112.54,92.51
2019-12-11,112.84,91.57
2019-12-12,112.36,90.33
2019-12-13,112.81,90.35
2019-12-16,112.58,91.0
2019-12-17,112.59,90.14
2019-12-18,112.37,90.27
2019-12-19,112.3,91.07
2019-12-20,112.32,91.57
2019-12-23,112.24,91.11
2019-12-24,112.38,91.35
2019-12-26,112.48,91.75
2019-12-27,112.63,92.04
2019-12-30,112.63,92.13
2019-12-31,112.37,92.79
2020-01-02,112.68,91.7
2020-01-03,113.01,92.27
2020-01-06,112.92,92.38
2020-01-07,112.8,91.35
2020-01-08,112.67,91.63
2020-01-09,112.79,91.58
2020-01-10,112.98,92.28
2020-01-13,112.91,93.39
2020-01-14,113.01,93.04
2020-01-15,113.18,93.88
2020-01-16,113.18,94.63
2020-01-17,113.05,94.72
2020-01-21,113.37,95.62
2020-01-22,113.43,94.98
2020-01-23,113.58,95.78
2020-01-24,113.79,95.45
2020-01-27,114.14,94.99
2020-01-28,114.04,95.37
2020-01-29,114.3,95.02
2020-01-30,114.31,95.09
2020-01-31,114.65,93.93
2020-02-03,114.37,94.24
2020-02-04,113.99,95.21
2020-02-05,113.82,95.27
2020-02-06,113.89,95.59
2020-02-07,114.22,95.57
2020-02-10,114.35,96.64
2020-02-11,114.21,97.37
2020-02-12,114.09,97.95
2020-02-13,114.17,98.54
2020-02-14,114.29,99.56
2020-02-18,114.44,99.45
2020-02-19,114.41,98.11
2020-02-20,114.67,99.28
2020-02-21,114.9,99.57
2020-02-24,115.27,98.21
2020-02-25,115.47,95.55
2020-02-26,115.35,94.52
2020-02-27,115.37,89.49
2020-02-28,116.22,87.33
2020-03-02,115.94,91.06
2020-03-03,116.73,90.85
2020-03-04,116.64,94.28
2020-03-05,117.0,92.26
2020-03-06,117.86,90.67
2020-03-09,117.71,83.68
2020-03-10,116.38,86.54
2020-03-11,114.72,81.34
2020-03-12,110.13,73.1
2020-03-13,111.86,79.48
2020-03-16,113.73,65.39
2020-03-17,110.79,69.17
2020-03-18,106.57,62.59
2020-03-19,108.95,62.81
2020-03-20,110.03,59.68
2020-03-23,112.64,56.91
2020-03-24,113.57,62.03
2020-03-25,114.73,65.37
2020-03-26,115.08,69.98
2020-03-27,115.57,70.05
2020-03-30,115.68,71.58
2020-03-31,115.37,69.85
2020-04-01,114.73,65.26
2020-04-02,114.9,65.48
2020-04-03,114.98,64.53
2020-04-06,115.54,69.31
2020-04-07,115.7,69.95
2020-04-08,115.81,74.72
2020-04-09,117.25,78.91
2020-04-13,116.7,75.59
2020-04-14,116.76,77.71
2020-04-15,117.24,74.63
2020-04-16,117.39,73.78
2020-04-17,117.25,76.11
2020-04-20,117.08,73.28
2020-04-21,117.14,71.95
2020-04-22,117.14,73.05
2020-04-23,117.42,72.44
2020-04-24,117.36,72.75
2020-04-27,116.82,75.24
2020-04-28,117.28,75.86
2020-04-29,117.36,77.0
2020-04-30,117.1,76.11
2020-05-01,116.87,73.54
2020-05-04,116.97,73.18
2020-05-05,116.88,73.54
2020-05-06,116.41,72.22
2020-05-07,116.77,73.25
2020-05-08,116.46,74.99
2020-05-11,116.11,73.9
2020-05-12,116.41,70.54
2020-05-13,116.6,68.83
2020-05-14,116.96,69.07
2020-05-15,117.03,68.8
2020-05-18,116.86,72.87
2020-05-19,116.99,71.89
2020-05-20,117.29,72.53
2020-05-21,117.38,72.59
2020-05-22,117.44,73.57
2020-05-26,117.25,76.32
2020-05-27,117.42,77.84
2020-05-28,117.34,78.21
2020-05-29,117.65,77.43
2020-06-01,117.37,79.22
2020-06-02,117.47,79.86
2020-06-03,117.18,82.42
2020-06-04,116.83,81.6
2020-06-05,116.9,84.69
2020-06-08,117.03,86.79
2020-06-09,117.18,85.35
2020-06-10,117.66,83.18
2020-06-11,117.46,77.84
2020-06-12,117.58,80.63
2020-06-15,117.97,81.77
2020-06-16,117.74,83.38
2020-06-17,117.64,82.17
2020-06-18,117.76,81.27
2020-06-19,117.8,80.09
2020-06-22,117.77,80.01
2020-06-23,117.75,79.68
2020-06-24,117.73,77.41
2020-06-25,117.87,77.63
2020-06-26,118.01,76.14
2020-06-29,118.11,77.61
2020-06-30,118.21,78.53
2020-07-01,118.05,80.34
2020-07-02,118.19,80.11
2020-07-06,118.18,80.07
2020-07-07,118.36,78.48
2020-07-08,118.32,78.37
2020-07-09,118.63,77.88
2020-07-10,118.49,78.12
2020-07-13,118.48,77.19
2020-07-14,118.67,77.84
2020-07-15,118.68,78.6
2020-07-16,118.76,77.66
2020-07-17,118.88,78.67
2020-07-20,119.01,77.73
2020-07-21,119.08,77.92
2020-07-22,119.18,79.11
2020-07-23,119.32,78.78
2020-07-24,119.28,78.2
2020-07-27,119.2,78.94
2020-07-28,119.28,80.51
2020-07-29,119.42,82.07
2020-07-30,119.51,81.54
2020-07-31,119.56,81.39
2020-08-03,119.4,80.31
2020-08-04,119.63,81.51
2020-08-05,119.4,81.1
2020-08-06,119.57,81.23
2020-08-07,119.43,82.39
2020-08-10,119.32,82.52
2020-08-11,118.99,81.33
2020-08-12,118.75,82.15
2020-08-13,118.31,81.14
2020-08-14,118.2,81.15
2020-08-17,118.36,81.81
2020-08-18,118.53,81.42
2020-08-19,118.35,79.99
2020-08-20,118.56,80.75
2020-08-21,118.68,80.88
2020-08-24,118.63,81.4
2020-08-25,118.38,81.61
2020-08-26,118.36,80.86
2020-08-27,117.95,82.05
2020-08-28,118.11,82.59
2020-08-31,118.37,81.75
2020-09-01,118.42,81.81
2020-09-02,118.66,83.33
2020-09-03,118.69,82.33
2020-09-04,118.1,81.9
2020-09-08,118.23,80.9
2020-09-09,118.22,81.7
2020-09-10,118.23,80.7
2020-09-11,118.37,80.25
2020-09-14,118.38,82.21
2020-09-15,118.39,83.2
2020-09-16,118.33,83.64
2020-09-17,118.36,82.01
2020-09-18,118.22,80.16
2020-09-21,118.24,77.75
2020-09-22,118.33,78.68
2020-09-23,118.08,76.31
2020-09-24,118.09,76.72
2020-09-25,118.13,77.7
2020-09-28,118.23,79.29
2020-09-29,118.25,78.72
2020-09-30,118.06,78.96
2020-10-01,118.02,80.54
2020-10-02,117.9,81.93
2020-10-05,117.52,82.4
2020-10-06,117.62,81.86
2020-10-07,117.54,81.98
2020-10-08,117.69,83.35
2020-10-09,117.72,83.02
2020-10-12,117.95,83.41
2020-10-13,117.98,81.98
2020-10-14,118.05,80.98
2020-10-15,117.95,81.4
2020-10-16,117.89,80.82
2020-10-19,117.75,79.56
2020-10-20,117.65,80.13
2020-10-21,117.51,79.89
2020-10-22,117.3,79.88
2020-10-23,117.47,80.36
2020-10-26,117.63,79.21
2020-10-27,117.9,77.94
2020-10-28,117.73,76.08
2020-10-29,117.52,77.1
2020-10-30,117.2,76.59
2020-11-02,117.22,78.42
2020-11-03,117.17,79.93
2020-11-04,117.95,80.07
2020-11-05,118.06,80.45
2020-11-06,117.8,79.9
2020-11-09,117.25,82.73
2020-11-10,117.06,83.94
2020-11-11,117.13,84.26
2020-11-12,117.62,83.16
2020-11-13,117.64,85.38
2020-11-16,117.63,86.34
2020-11-17,117.87,86.42
2020-11-18,117.95,84.74
2020-11-19,118.17,85.07
2020-11-20,118.29,84.61
2020-11-23,118.26,84.77
2020-11-24,118.1,85.22
2020-11-25,118.06,85.27
2020-11-27,118.26,84.89
2020-11-30,118.42,84.0
2020-12-01,117.84,85.08
2020-12-02,117.71,84.41
2020-12-03,117.91,85.12
2020-12-04,117.59,86.42
2020-12-07,117.77,85.67
2020-12-08,117.78,85.37
2020-12-09,117.61,84.84
2020-12-10,117.9,84.47
2020-12-11,118.03,84.39
2020-12-14,117.96,84.02
2020-12-15,118.03,85.74
2020-12-16,117.98,85.84
2020-12-17,117.85,86.67
2020-12-18,117.79,84.93
2020-12-21,117.79,84.45
2020-12-22,117.96,85.04
2020-12-23,117.88,84.49
2020-12-24,117.99,83.88
2020-12-28,118.01,84.38
2020-12-29,118.03,83.66
2020-12-30,118.1,84.12
2020-12-31,118.19,84.93
2021-01-04,118.04,82.17
2021-01-05,117.92,82.29
2021-01-06,117.34,82.43
2021-01-07,117.22,82.27
2021-01-08,117.08,83.07
2021-01-11,116.89,81.97
2021-01-12,116.99,82.16
2021-01-13,117.36,83.16
2021-01-14,117.13,83.65
2021-01-15,117.25,84.61
2021-01-19,117.41,84.37
2021-01-20,117.42,85.98
2021-01-21,117.25,85.57
2021-01-22,117.25,85.77
2021-01-25,117.55,86.42
2021-01-26,117.51,87.03
2021-01-27,117.52,85.49
2021-01-28,117.44,85.95
2021-01-29,117.31,84.96
2021-02-01,117.23,86.9
2021-02-02,117.05,87.42
2021-02-03,116.91,87.2
2021-02-04,116.86,87.8
2021-02-05,116.71,88.11
2021-02-08,116.83,88.59
2021-02-09,116.88,88.9
2021-02-10,116.99,89.38
2021-02-11,116.85,89.57
2021-02-12,116.58,89.59
2021-02-16,116.03,88.9
2021-02-17,116.26,88.79
2021-02-18,116.2,88.41
2021-02-19,115.84,88.92
2021-02-22,115.48,89.66
2021-02-23,115.51,90.22
2021-02-24,115.47,90.91
2021-02-25,114.41,89.17
2021-02-26,115.34,87.87
2021-03-01,115.09,88.26
2021-03-02,115.11,87.41
2021-03-03,114.69,86.91
2021-03-04,114.36,85.92
2021-03-05,114.28,86.86
2021-03-08,113.83,87.61
2021-03-09,114.26,88.19
2021-03-10,114.45,89.07
2021-03-11,114.44,90.11
2021-03-12,113.79,91.62
2021-03-15,113.91,92.98
2021-03-16,113.87,92.6
2021-03-17,113.86,92.68
2021-03-18,113.42,91.74
2021-03-19,113.51,90.49
2021-03-22,113.73,91.13
2021-03-23,114.02,91.0
2021-03-24,114.16,90.49
2021-03-25,114.1,90.88
2021-03-26,113.91,92.84
2021-03-29,113.72,92.3
2021-03-30,113.81,92.42
2021-03-31,113.83,91.86
2021-04-01,114.04,93.53
2021-04-05,113.81,93.89
2021-04-06,114.21,94.13
2021-04-07,114.03,94.2
2021-04-08,114.31,93.85
2021-04-09,114.18,93.74
2021-04-12,114.15,94.29
2021-04-13,114.48,94.76
2021-04-14,114.39,94.26
2021-04-15,114.84,95.91
2021-04-16,114.54,96.12
2021-04-19,114.45,96.31
2021-04-20,114.63,97.1
2021-04-21,114.74,97.74
2021-04-22,114.77,97.21
2021-04-23,114.75,97.78
2021-04-26,114.65,98.07
2021-04-27,114.37,98.06
2021-04-28,114.43,97.85
2021-04-29,114.37,98.69
2021-04-30,114.49,99.08
2021-05-03,114.39,98.89
2021-05-04,114.53,98.25
2021-05-05,114.62,96.62
2021-05-06,114.64,97.16
2021-05-07,114.61,98.44
2021-05-10,114.43,98.41
2021-05-11,114.18,97.17
2021-05-12,113.78,94.71
2021-05-13,114.04,95.94
2021-05-14,114.3,97.08
2021-05-17,114.2,97.18
2021-05-18,114.06,97.2
2021-05-19,113.9,96.89
2021-05-20,114.29,97.98
2021-05-21,114.34,97.88
2021-05-24,114.45,99.1
2021-05-25,114.73,99.07
2021-05-26,114.69,99.51
2021-05-27,114.55,99.28
2021-05-28,114.55,99.88
2021-06-01,114.33,101.68
2021-06-02,114.48,102.87
2021-06-03,114.21,102.49
2021-06-04,114.68,102.54
2021-06-07,114.6,103.75
2021-06-08,114.81,104.61
2021-06-09,115.04,104.75
2021-06-10,115.28,105.5
2021-06-11,115.23,105.08
2021-06-14,114.94,105.49
2021-06-15,114.99,104.36
2021-06-16,114.62,103.68
2021-06-17,114.98,103.55
2021-06-18,115.29,101.79
2021-06-21,114.99,103.89
2021-06-22,115.11,103.35
2021-06-23,115.05,103.17
2021-06-24,115.09,102.22
2021-06-25,114.86,102.91
2021-06-28,115.19,102.61
2021-06-29,115.25,102.33
2021-06-30,115.33,101.79
2021-07-01,115.11,102.23
2021-07-02,115.36,102.54
2021-07-06,115.73,103.29
2021-07-07,115.93,103.65
2021-07-08,116.06,103.36
2021-07-09,115.68,105.06
2021-07-12,115.61,105.96
2021-07-13,115.36,104.48
2021-07-14,115.75,105.21
2021-07-15,116.0,105.38
2021-07-16,115.9,105.31
2021-07-19,116.51,103.39
2021-07-20,116.4,105.83
2021-07-21,116.02,105.82
2021-07-22,116.29,104.98
2021-07-23,116.21,105.85
2021-07-26,116.11,105.9
2021-07-27,116.38,106.5
2021-07-28,116.49,106.13
2021-07-29,116.3,106.15
2021-07-30,116.46,106.29
2021-08-02,116.54,106.06
2021-08-03,116.58,106.19
2021-08-04,116.57,105.86
2021-08-05,116.31,107.1
2021-08-06,115.79,106.91
2021-08-09,115.58,106.34
2021-08-10,115.43,105.33
2021-08-11,115.54,105.95
2021-08-12,115.55,106.18
2021-08-13,115.97,106.76
2021-08-16,116.03,106.63
2021-08-17,115.94,106.52
2021-08-18,115.95,105.55
2021-08-19,116.15,106.06
2021-08-20,116.16,106.59
2021-08-23,116.16,106.39
2021-08-24,115.99,105.92
2021-08-25,115.77,105.85
2021-08-26,115.78,105.89
2021-08-27,116.1,107.0
2021-08-30,116.23,108.07
2021-08-31,116.06,108.58
2021-09-01,115.93,110.32
2021-09-02,116.05,110.9
2021-09-03,115.85,110.92
2021-09-07,115.54,109.67
2021-09-08,115.73,110.22
2021-09-09,116.1,107.98
2021-09-10,115.87,106.4
2021-09-13,116.02,107.12
2021-09-14,116.28,106.93
2021-09-15,116.17,107.27
2021-09-16,115.97,107.36
2021-09-17,115.87,106.4
2021-09-20,116.09,105.75
2021-09-21,116.14,105.8
2021-09-22,116.18,106.83
2021-09-23,115.61,106.62
2021-09-24,115.41,104.83
2021-09-27,115.25,103.42
2021-09-28,114.77,102.72
2021-09-29,114.85,103.49
2021-09-30,114.83,101.78
2021-10-01,115.0,103.22
2021-10-04,114.92,103.24
2021-10-05,114.65,102.53
2021-10-06,114.7,103.51
2021-10-07,114.38,103.79
2021-10-08,114.13,102.81
2021-10-11,113.95,103.07
2021-10-12,114.37,104.42
2021-10-13,114.63,105.18
2021-10-14,114.85,106.46
2021-10-15,114.57,106.38
2021-10-18,114.49,106.65
2021-10-19,114.16,106.7
2021-10-20,114.08,108.38
2021-10-21,113.84,108.53
2021-10-22,114.06,109.04
2021-10-25,114.17,109.39
2021-10-26,114.38,109.69
2021-10-27,114.76,108.76
2021-10-28,114.67,110.28
2021-10-29,114.64,109.04
2021-11-01,114.39,109.58
2021-11-02,114.62,110.1
2021-11-03,114.39,110.47
2021-11-04,114.77,109.42
2021-11-05,115.22,109.98
2021-11-08,115.01,109.89
2021-11-09,115.33,110.08
2021-11-10,114.55,109.57
2021-11-11,114.34,109.75
2021-11-12,114.32,109.67
2021-11-15,113.9,110.44
2021-11-16,113.86,109.71
2021-11-17,114.13,110.05
2021-11-18,114.23,110.07
2021-11-19,114.45,109.42
2021-11-22,113.9,108.88
2021-11-23,113.45,109.76
2021-11-24,113.71,111.09
2021-11-26,114.52,108.0
2021-11-29,114.58,108.8
2021-11-30,114.77,106.74
2021-12-01,114.63,104.98
2021-12-02,114.61,108.13
2021-12-03,115.07,107.77
2021-12-06,114.67,109.66
2021-12-07,114.49,111.24
2021-12-08,114.19,112.04
2021-12-09,114.2,110.42
2021-12-10,114.23,110.76
2021-12-13,114.63,111.8
2021-12-14,114.41,110.37
2021-12-15,114.32,111.92
2021-12-16,114.36,111.88
2021-12-17,114.5,111.74
2021-12-20,114.33,110.87
2021-12-21,114.24,112.12
2021-12-22,114.34,113.27
2021-12-23,114.2,113.15
2021-12-27,114.26,114.0
2021-12-28,114.21,114.42
2021-12-29,113.87,115.19
2021-12-30,114.12,115.69
2021-12-31,114.08,116.01
2022-01-03,113.3,115.1
2022-01-04,113.29,114.96
2022-01-05,112.94,111.67
2022-01-06,112.82,111.77
2022-01-07,112.49,111.03
2022-01-10,112.39,110.39
2022-01-11,112.6,110.56
2022-01-12,112.6,110.69
2022-01-13,112.8,110.47
2022-01-14,112.17,109.47
2022-01-18,111.49,108.32
2022-01-19,111.73,106.86
2022-01-20,111.79,105.49
2022-01-21,112.23,105.23
2022-01-24,112.1,105.43
2022-01-25,111.99,105.01
2022-01-26,111.36,103.37
2022-01-27,111.73,101.66
2022-01-28,111.81,104.95
2022-01-31,111.8,106.24
2022-02-01,111.6,105.86
2022-02-02,111.72,107.21
2022-02-03,111.27,106.07
2022-02-04,110.57,105.02
2022-02-07,110.67,104.87
2022-02-08,110.33,104.38
2022-02-09,110.4,106.74
2022-02-10,109.38,104.22
2022-02-11,110.1,103.27
2022-02-14,109.46,102.33
2022-02-15,109.28,103.25
2022-02-16,109.41,103.73
2022-02-17,109.64,102.63
2022-02-18,109.87,102.01
2022-02-22,109.75,101.64
2022-02-23,109.26,99.96
2022-02-24,109.46,101.64
2022-02-25,109.57,104.09
2022-02-28,110.36,102.54
2022-03-01,110.82,102.0
2022-03-02,109.49,103.91
2022-03-03,109.86,104.76
2022-03-04,110.3,105.24
2022-03-07,109.66,103.16
2022-03-08,109.27,102.66
2022-03-09,109.04,104.24
2022-03-10,108.43,104.5
2022-03-11,108.41,103.67
2022-03-14,107.36,102.86
2022-03-15,107.6,103.55
2022-03-16,107.68,104.78
2022-03-17,107.86,106.4
2022-03-18,108.1,106.4
2022-03-21,107.04,105.75
2022-03-22,106.75,106.02
2022-03-23,107.19,104.26
2022-03-24,106.95,104.92
2022-03-25,106.1,106.23
2022-03-28,106.36,107.36
2022-03-29,106.86,110.51
2022-03-30,107.15,109.71
2022-03-31,107.1,108.37
2022-04-01,106.75,110.48
2022-04-04,106.84,109.94
2022-04-05,105.76,109.4
2022-04-06,105.49,110.7
2022-04-07,105.26,109.6
2022-04-08,104.73,109.78
2022-04-11,104.28,108.6
2022-04-12,104.61,108.44
2022-04-13,104.82,109.21
2022-04-14,103.97,108.74
2022-04-18,103.65,108.3
2022-04-19,103.02,110.66
2022-04-20,103.61,112.5
2022-04-21,103.04,111.72
2022-04-22,102.94,109.76
2022-04-25,103.63,109.48
2022-04-26,103.95,107.68
2022-04-27,103.53,106.97
2022-04-28,103.49,108.94
2022-04-29,102.87,103.94
2022-05-02,102.13,101.43
2022-05-03,102.36,102.69
2022-05-04,103.02,103.87
2022-05-05,102.0,101.1
2022-05-06,101.57,99.9
2022-05-09,102.07,95.5
2022-05-10,102.38,93.76
2022-05-11,102.76,93.56
2022-05-12,102.95,94.29
2022-05-13,102.51,96.78
2022-05-16,102.74,96.17
2022-05-17,102.18,97.48
2022-05-18,102.59,94.65
2022-05-19,102.85,94.23
2022-05-20,103.16,94.83
2022-05-23,102.82,95.93
2022-05-24,103.61,96.74
2022-05-25,104.04,97.56
2022-05-26,103.96,97.68
2022-05-27,104.13,100.3
2022-05-31,103.47,99.07
2022-06-01,102.86,98.25
2022-06-02,102.99,99.6
2022-06-03,102.82,98.27
2022-06-06,102.19,97.96
2022-06-07,102.58,99.31
2022-06-08,102.16,97.02
2022-06-09,102.05,94.72
2022-06-10,101.26,92.62
2022-06-13,99.6,87.99
2022-06-14,99.01,87.32
2022-06-15,100.11,89.39
2022-06-16,100.35,87.04
2022-06-17,100.34,87.7
2022-06-21,99.94,88.92
2022-06-22,100.79,90.05
2022-06-23,101.21,91.18
2022-06-24,101.05,93.12
2022-06-27,100.6,92.98
2022-06-28,100.64,91.85
2022-06-29,101.22,91.28
2022-06-30,101.68,91.11
2022-07-01,102.34,92.75
2022-07-05,102.53,92.49
2022-07-06,101.84,92.32
2022-07-07,101.61,92.57
2022-07-08,101.23,92.08
2022-07-11,101.7,91.88
2022-07-12,101.84,91.52
2022-07-13,102.21,91.08
2022-07-14,101.85,90.26
2022-07-15,102.25,91.79
2022-07-18,101.92,91.14
2022-07-19,101.78,93.5
2022-07-20,101.71,93.28
2022-07-21,102.56,94.02
2022-07-22,103.36,94.51
2022-07-25,102.98,94.67
2022-07-26,102.96,94.77
2022-07-27,103.32,95.34
2022-07-28,104.06,98.43
2022-07-29,104.07,98.96
2022-08-01,104.23,98.16
2022-08-02,103.16,96.9
2022-08-03,103.62,97.21
2022-08-04,103.87,97.06
2022-08-05,102.71,97.33
2022-08-08,103.18,98.2
2022-08-09,102.95,98.74
2022-08-10,103.21,100.24
2022-08-11,102.66,100.0
2022-08-12,103.12,101.72
2022-08-15,103.25,102.13
2022-08-16,103.1,101.86
2022-08-17,102.49,101.25
2022-08-18,102.71,100.58
2022-08-19,101.99,99.52
2022-08-22,101.55,97.35
2022-08-23,101.51,96.1
2022-08-24,101.24,96.65
2022-08-25,101.8,98.09
2022-08-26,101.61,95.62
2022-08-29,101.12,94.76
2022-08-30,101.25,93.45
2022-08-31,100.71,93.01
2022-09-01,100.07,93.18
2022-09-02,100.36,91.88
2022-09-06,99.42,92.71
2022-09-07,100.11,94.52
2022-09-08,99.79,94.78
2022-09-09,99.78,95.81
2022-09-12,99.63,96.74
2022-09-13,99.07,93.04
2022-09-14,99.2,91.98
2022-09-15,98.9,90.28
2022-09-16,98.83,90.29
2022-09-19,98.68,90.16
2022-09-20,98.24,87.97
2022-09-21,98.55,86.58
2022-09-22,97.5,85.48
2022-09-23,97.2,83.44
2022-09-26,95.95,81.1
2022-09-27,95.54,80.02
2022-09-28,97.08,81.68
2022-09-29,96.57,79.28
2022-09-30,96.34,80.17
2022-10-03,96.91,81.6
2022-10-04,97.17,83.25
2022-10-05,96.66,81.62
2022-10-06,96.28,79.35
2022-10-07,95.77,77.44
2022-10-10,95.34,76.71
2022-10-11,95.4,77.49
2022-10-12,95.48,76.68
2022-10-13,95.18,78.08
2022-10-14,94.66,76.14
2022-10-17,94.86,79.01
2022-10-18,95.02,79.87
2022-10-19,94.2,77.88
2022-10-20,93.63,77.54
2022-10-21,93.77,78.15
2022-10-24,93.64,78.14
2022-10-25,94.56,81.21
